medicine_id,medicine_name,category
M0001,Medicine_1,Cardiac
M0002,Medicine_2,Antibiotic
M0003,Medicine_3,Diabetes
M0004,Medicine_4,Antibiotic
M0005,Medicine_5,Respiratory
M0006,Medicine_6,Diabetes
M0007,Medicine_7,Diabetes
M0008,Medicine_8,Diabetes
M0009,Medicine_9,Analgesic
M0010,Medicine_10,Respiratory
M0011,Medicine_11,Diabetes
M0012,Medicine_12,Respiratory
M0013,Medicine_13,Analgesic
M0014,Medicine_14,Cardiac
M0015,Medicine_15,Antibiotic
M0016,Medicine_16,Diabetes
M0017,Medicine_17,Diabetes
M0018,Medicine_18,Respiratory
M0019,Medicine_19,Respiratory
M0020,Medicine_20,Antibiotic
M0021,Medicine_21,Analgesic
M0022,Medicine_22,Antibiotic
M0023,Medicine_23,Cardiac
M0024,Medicine_24,Antibiotic
M0025,Medicine_25,Analgesic
M0026,Medicine_26,Antibiotic
M0027,Medicine_27,Antibiotic
M0028,Medicine_28,Antibiotic
M0029,Medicine_29,Diabetes
M0030,Medicine_30,Respiratory
M0031,Medicine_31,Antibiotic
M0032,Medicine_32,Diabetes
M0033,Medicine_33,Respiratory
M0034,Medicine_34,Analgesic
M0035,Medicine_35,Diabetes
M0036,Medicine_36,Diabetes
M0037,Medicine_37,Cardiac
M0038,Medicine_38,Analgesic
M0039,Medicine_39,Cardiac
M0040,Medicine_40,Diabetes
M0041,Medicine_41,Diabetes
M0042,Medicine_42,Analgesic
M0043,Medicine_43,Antibiotic
M0044,Medicine_44,Diabetes
M0045,Medicine_45,Antibiotic
M0046,Medicine_46,Respiratory
M0047,Medicine_47,Antibiotic
M0048,Medicine_48,Diabetes
M0049,Medicine_49,Respiratory
M0050,Medicine_50,Diabetes
M0051,Medicine_51,Diabetes
M0052,Medicine_52,Diabetes
M0053,Medicine_53,Respiratory
M0054,Medicine_54,Cardiac
M0055,Medicine_55,Respiratory
M0056,Medicine_56,Antibiotic
M0057,Medicine_57,Antibiotic
M0058,Medicine_58,Respiratory
M0059,Medicine_59,Diabetes
M0060,Medicine_60,Respiratory
M0061,Medicine_61,Respiratory
M0062,Medicine_62,Analgesic
M0063,Medicine_63,Analgesic
M0064,Medicine_64,Diabetes
M0065,Medicine_65,Respiratory
M0066,Medicine_66,Antibiotic
M0067,Medicine_67,Respiratory
M0068,Medicine_68,Respiratory
M0069,Medicine_69,Diabetes
M0070,Medicine_70,Analgesic
M0071,Medicine_71,Antibiotic
M0072,Medicine_72,Respiratory
M0073,Medicine_73,Diabetes
M0074,Medicine_74,Respiratory
M0075,Medicine_75,Respiratory
M0076,Medicine_76,Diabetes
M0077,Medicine_77,Cardiac
M0078,Medicine_78,Cardiac
M0079,Medicine_79,Respiratory
M0080,Medicine_80,Antibiotic
M0081,Medicine_81,Cardiac
M0082,Medicine_82,Diabetes
M0083,Medicine_83,Analgesic
M0084,Medicine_84,Analgesic
M0085,Medicine_85,Respiratory
M0086,Medicine_86,Antibiotic
M0087,Medicine_87,Respiratory
M0088,Medicine_88,Diabetes
M0089,Medicine_89,Diabetes
M0090,Medicine_90,Cardiac
M0091,Medicine_91,Respiratory
M0092,Medicine_92,Respiratory
M0093,Medicine_93,Analgesic
M0094,Medicine_94,Diabetes
M0095,Medicine_95,Antibiotic
M0096,Medicine_96,Antibiotic
M0097,Medicine_97,Analgesic
M0098,Medicine_98,Cardiac
M0099,Medicine_99,Diabetes
M0100,Medicine_100,Respiratory
M0101,Medicine_101,Antibiotic
M0102,Medicine_102,Diabetes
M0103,Medicine_103,Cardiac
M0104,Medicine_104,Diabetes
M0105,Medicine_105,Antibiotic
M0106,Medicine_106,Diabetes
M0107,Medicine_107,Antibiotic
M0108,Medicine_108,Analgesic
M0109,Medicine_109,Cardiac
M0110,Medicine_110,Diabetes
M0111,Medicine_111,Respiratory
M0112,Medicine_112,Antibiotic
M0113,Medicine_113,Cardiac
M0114,Medicine_114,Antibiotic
M0115,Medicine_115,Respiratory
M0116,Medicine_116,Cardiac
M0117,Medicine_117,Respiratory
M0118,Medicine_118,Analgesic
M0119,Medicine_119,Antibiotic
M0120,Medicine_120,Analgesic
M0121,Medicine_121,Antibiotic
M0122,Medicine_122,Respiratory
M0123,Medicine_123,Analgesic
M0124,Medicine_124,Cardiac
M0125,Medicine_125,Diabetes
M0126,Medicine_126,Diabetes
M0127,Medicine_127,Respiratory
M0128,Medicine_128,Diabetes
M0129,Medicine_129,Diabetes
M0130,Medicine_130,Analgesic
M0131,Medicine_131,Diabetes
M0132,Medicine_132,Respiratory
M0133,Medicine_133,Analgesic
M0134,Medicine_134,Respiratory
M0135,Medicine_135,Diabetes
M0136,Medicine_136,Respiratory
M0137,Medicine_137,Antibiotic
M0138,Medicine_138,Analgesic
M0139,Medicine_139,Respiratory
M0140,Medicine_140,Respiratory
M0141,Medicine_141,Analgesic
M0142,Medicine_142,Cardiac
M0143,Medicine_143,Respiratory
M0144,Medicine_144,Analgesic
M0145,Medicine_145,Antibiotic
M0146,Medicine_146,Respiratory
M0147,Medicine_147,Analgesic
M0148,Medicine_148,Analgesic
M0149,Medicine_149,Analgesic
M0150,Medicine_150,Respiratory
M0151,Medicine_151,Diabetes
M0152,Medicine_152,Respiratory
M0153,Medicine_153,Respiratory
M0154,Medicine_154,Analgesic
M0155,Medicine_155,Respiratory
M0156,Medicine_156,Respiratory
M0157,Medicine_157,Diabetes
M0158,Medicine_158,Cardiac
M0159,Medicine_159,Analgesic
M0160,Medicine_160,Antibiotic
M0161,Medicine_161,Antibiotic
M0162,Medicine_162,Cardiac
M0163,Medicine_163,Cardiac
M0164,Medicine_164,Diabetes
M0165,Medicine_165,Antibiotic
M0166,Medicine_166,Antibiotic
M0167,Medicine_167,Diabetes
M0168,Medicine_168,Diabetes
M0169,Medicine_169,Cardiac
M0170,Medicine_170,Analgesic
M0171,Medicine_171,Respiratory
M0172,Medicine_172,Antibiotic
M0173,Medicine_173,Cardiac
M0174,Medicine_174,Antibiotic
M0175,Medicine_175,Respiratory
M0176,Medicine_176,Antibiotic
M0177,Medicine_177,Diabetes
M0178,Medicine_178,Analgesic
M0179,Medicine_179,Antibiotic
M0180,Medicine_180,Antibiotic
M0181,Medicine_181,Cardiac
M0182,Medicine_182,Antibiotic
M0183,Medicine_183,Cardiac
M0184,Medicine_184,Diabetes
M0185,Medicine_185,Antibiotic
M0186,Medicine_186,Analgesic
M0187,Medicine_187,Cardiac
M0188,Medicine_188,Analgesic
M0189,Medicine_189,Analgesic
M0190,Medicine_190,Respiratory
M0191,Medicine_191,Respiratory
M0192,Medicine_192,Antibiotic
M0193,Medicine_193,Diabetes
M0194,Medicine_194,Diabetes
M0195,Medicine_195,Analgesic
M0196,Medicine_196,Respiratory
M0197,Medicine_197,Antibiotic
M0198,Medicine_198,Diabetes
M0199,Medicine_199,Cardiac
M0200,Medicine_200,Respiratory
M0201,Medicine_201,Respiratory
M0202,Medicine_202,Respiratory
M0203,Medicine_203,Diabetes
M0204,Medicine_204,Analgesic
M0205,Medicine_205,Cardiac
M0206,Medicine_206,Diabetes
M0207,Medicine_207,Respiratory
M0208,Medicine_208,Diabetes
M0209,Medicine_209,Respiratory
M0210,Medicine_210,Respiratory
M0211,Medicine_211,Antibiotic
M0212,Medicine_212,Antibiotic
M0213,Medicine_213,Cardiac
M0214,Medicine_214,Diabetes
M0215,Medicine_215,Diabetes
M0216,Medicine_216,Analgesic
M0217,Medicine_217,Cardiac
M0218,Medicine_218,Analgesic
M0219,Medicine_219,Respiratory
M0220,Medicine_220,Antibiotic
M0221,Medicine_221,Diabetes
M0222,Medicine_222,Cardiac
M0223,Medicine_223,Cardiac
M0224,Medicine_224,Analgesic
M0225,Medicine_225,Analgesic
M0226,Medicine_226,Cardiac
M0227,Medicine_227,Respiratory
M0228,Medicine_228,Respiratory
M0229,Medicine_229,Analgesic
M0230,Medicine_230,Antibiotic
M0231,Medicine_231,Respiratory
M0232,Medicine_232,Respiratory
M0233,Medicine_233,Cardiac
M0234,Medicine_234,Analgesic
M0235,Medicine_235,Cardiac
M0236,Medicine_236,Cardiac
M0237,Medicine_237,Antibiotic
M0238,Medicine_238,Diabetes
M0239,Medicine_239,Cardiac
M0240,Medicine_240,Cardiac
M0241,Medicine_241,Respiratory
M0242,Medicine_242,Analgesic
M0243,Medicine_243,Respiratory
M0244,Medicine_244,Analgesic
M0245,Medicine_245,Analgesic
M0246,Medicine_246,Antibiotic
M0247,Medicine_247,Antibiotic
M0248,Medicine_248,Analgesic
M0249,Medicine_249,Diabetes
M0250,Medicine_250,Cardiac
M0251,Medicine_251,Cardiac
M0252,Medicine_252,Analgesic
M0253,Medicine_253,Diabetes
M0254,Medicine_254,Analgesic
M0255,Medicine_255,Antibiotic
M0256,Medicine_256,Respiratory
M0257,Medicine_257,Antibiotic
M0258,Medicine_258,Diabetes
M0259,Medicine_259,Analgesic
M0260,Medicine_260,Antibiotic
M0261,Medicine_261,Antibiotic
M0262,Medicine_262,Cardiac
M0263,Medicine_263,Analgesic
M0264,Medicine_264,Cardiac
M0265,Medicine_265,Antibiotic
M0266,Medicine_266,Analgesic
M0267,Medicine_267,Analgesic
M0268,Medicine_268,Cardiac
M0269,Medicine_269,Diabetes
M0270,Medicine_270,Analgesic
M0271,Medicine_271,Diabetes
M0272,Medicine_272,Analgesic
M0273,Medicine_273,Diabetes
M0274,Medicine_274,Cardiac
M0275,Medicine_275,Respiratory
M0276,Medicine_276,Analgesic
M0277,Medicine_277,Analgesic
M0278,Medicine_278,Respiratory
M0279,Medicine_279,Analgesic
M0280,Medicine_280,Antibiotic
M0281,Medicine_281,Cardiac
M0282,Medicine_282,Analgesic
M0283,Medicine_283,Cardiac
M0284,Medicine_284,Respiratory
M0285,Medicine_285,Antibiotic
M0286,Medicine_286,Antibiotic
M0287,Medicine_287,Antibiotic
M0288,Medicine_288,Diabetes
M0289,Medicine_289,Cardiac
M0290,Medicine_290,Diabetes
M0291,Medicine_291,Antibiotic
M0292,Medicine_292,Respiratory
M0293,Medicine_293,Antibiotic
M0294,Medicine_294,Diabetes
M0295,Medicine_295,Analgesic
M0296,Medicine_296,Cardiac
M0297,Medicine_297,Antibiotic
M0298,Medicine_298,Cardiac
M0299,Medicine_299,Respiratory
M0300,Medicine_300,Analgesic
M0301,Medicine_301,Respiratory
M0302,Medicine_302,Respiratory
M0303,Medicine_303,Cardiac
M0304,Medicine_304,Diabetes
M0305,Medicine_305,Analgesic
M0306,Medicine_306,Analgesic
M0307,Medicine_307,Antibiotic
M0308,Medicine_308,Cardiac
M0309,Medicine_309,Respiratory
M0310,Medicine_310,Diabetes
M0311,Medicine_311,Antibiotic
M0312,Medicine_312,Antibiotic
M0313,Medicine_313,Antibiotic
M0314,Medicine_314,Analgesic
M0315,Medicine_315,Respiratory
M0316,Medicine_316,Antibiotic
M0317,Medicine_317,Cardiac
M0318,Medicine_318,Respiratory
M0319,Medicine_319,Antibiotic
M0320,Medicine_320,Antibiotic
M0321,Medicine_321,Analgesic
M0322,Medicine_322,Analgesic
M0323,Medicine_323,Antibiotic
M0324,Medicine_324,Cardiac
M0325,Medicine_325,Cardiac
M0326,Medicine_326,Diabetes
M0327,Medicine_327,Analgesic
M0328,Medicine_328,Analgesic
M0329,Medicine_329,Diabetes
M0330,Medicine_330,Analgesic
M0331,Medicine_331,Respiratory
M0332,Medicine_332,Respiratory
M0333,Medicine_333,Respiratory
M0334,Medicine_334,Antibiotic
M0335,Medicine_335,Diabetes
M0336,Medicine_336,Analgesic
M0337,Medicine_337,Antibiotic
M0338,Medicine_338,Cardiac
M0339,Medicine_339,Cardiac
M0340,Medicine_340,Analgesic
M0341,Medicine_341,Analgesic
M0342,Medicine_342,Cardiac
M0343,Medicine_343,Cardiac
M0344,Medicine_344,Antibiotic
M0345,Medicine_345,Cardiac
M0346,Medicine_346,Antibiotic
M0347,Medicine_347,Analgesic
M0348,Medicine_348,Analgesic
M0349,Medicine_349,Respiratory
M0350,Medicine_350,Analgesic
M0351,Medicine_351,Cardiac
M0352,Medicine_352,Diabetes
M0353,Medicine_353,Respiratory
M0354,Medicine_354,Respiratory
M0355,Medicine_355,Analgesic
M0356,Medicine_356,Antibiotic
M0357,Medicine_357,Diabetes
M0358,Medicine_358,Respiratory
M0359,Medicine_359,Respiratory
M0360,Medicine_360,Diabetes
M0361,Medicine_361,Diabetes
M0362,Medicine_362,Cardiac
M0363,Medicine_363,Respiratory
M0364,Medicine_364,Diabetes
M0365,Medicine_365,Antibiotic
M0366,Medicine_366,Diabetes
M0367,Medicine_367,Analgesic
M0368,Medicine_368,Respiratory
M0369,Medicine_369,Analgesic
M0370,Medicine_370,Respiratory
M0371,Medicine_371,Analgesic
M0372,Medicine_372,Cardiac
M0373,Medicine_373,Respiratory
M0374,Medicine_374,Analgesic
M0375,Medicine_375,Cardiac
M0376,Medicine_376,Diabetes
M0377,Medicine_377,Respiratory
M0378,Medicine_378,Cardiac
M0379,Medicine_379,Antibiotic
M0380,Medicine_380,Respiratory
M0381,Medicine_381,Analgesic
M0382,Medicine_382,Antibiotic
M0383,Medicine_383,Antibiotic
M0384,Medicine_384,Analgesic
M0385,Medicine_385,Analgesic
M0386,Medicine_386,Cardiac
M0387,Medicine_387,Antibiotic
M0388,Medicine_388,Respiratory
M0389,Medicine_389,Respiratory
M0390,Medicine_390,Analgesic
M0391,Medicine_391,Antibiotic
M0392,Medicine_392,Diabetes
M0393,Medicine_393,Diabetes
M0394,Medicine_394,Analgesic
M0395,Medicine_395,Cardiac
M0396,Medicine_396,Antibiotic
M0397,Medicine_397,Respiratory
M0398,Medicine_398,Respiratory
M0399,Medicine_399,Diabetes
M0400,Medicine_400,Antibiotic
M0401,Medicine_401,Cardiac
M0402,Medicine_402,Respiratory
M0403,Medicine_403,Diabetes
M0404,Medicine_404,Respiratory
M0405,Medicine_405,Respiratory
M0406,Medicine_406,Antibiotic
M0407,Medicine_407,Analgesic
M0408,Medicine_408,Analgesic
M0409,Medicine_409,Analgesic
M0410,Medicine_410,Diabetes
M0411,Medicine_411,Diabetes
M0412,Medicine_412,Respiratory
M0413,Medicine_413,Respiratory
M0414,Medicine_414,Respiratory
M0415,Medicine_415,Analgesic
M0416,Medicine_416,Respiratory
M0417,Medicine_417,Respiratory
M0418,Medicine_418,Antibiotic
M0419,Medicine_419,Cardiac
M0420,Medicine_420,Antibiotic
M0421,Medicine_421,Diabetes
M0422,Medicine_422,Diabetes
M0423,Medicine_423,Respiratory
M0424,Medicine_424,Analgesic
M0425,Medicine_425,Cardiac
M0426,Medicine_426,Antibiotic
M0427,Medicine_427,Analgesic
M0428,Medicine_428,Respiratory
M0429,Medicine_429,Diabetes
M0430,Medicine_430,Respiratory
M0431,Medicine_431,Antibiotic
M0432,Medicine_432,Analgesic
M0433,Medicine_433,Antibiotic
M0434,Medicine_434,Cardiac
M0435,Medicine_435,Cardiac
M0436,Medicine_436,Cardiac
M0437,Medicine_437,Analgesic
M0438,Medicine_438,Cardiac
M0439,Medicine_439,Antibiotic
M0440,Medicine_440,Analgesic
M0441,Medicine_441,Antibiotic
M0442,Medicine_442,Analgesic
M0443,Medicine_443,Antibiotic
M0444,Medicine_444,Antibiotic
M0445,Medicine_445,Antibiotic
M0446,Medicine_446,Respiratory
M0447,Medicine_447,Analgesic
M0448,Medicine_448,Antibiotic
M0449,Medicine_449,Cardiac
M0450,Medicine_450,Respiratory
M0451,Medicine_451,Respiratory
M0452,Medicine_452,Respiratory
M0453,Medicine_453,Analgesic
M0454,Medicine_454,Respiratory
M0455,Medicine_455,Diabetes
M0456,Medicine_456,Antibiotic
M0457,Medicine_457,Antibiotic
M0458,Medicine_458,Diabetes
M0459,Medicine_459,Respiratory
M0460,Medicine_460,Antibiotic
M0461,Medicine_461,Respiratory
M0462,Medicine_462,Antibiotic
M0463,Medicine_463,Antibiotic
M0464,Medicine_464,Respiratory
M0465,Medicine_465,Antibiotic
M0466,Medicine_466,Cardiac
M0467,Medicine_467,Analgesic
M0468,Medicine_468,Antibiotic
M0469,Medicine_469,Cardiac
M0470,Medicine_470,Cardiac
M0471,Medicine_471,Cardiac
M0472,Medicine_472,Respiratory
M0473,Medicine_473,Diabetes
M0474,Medicine_474,Diabetes
M0475,Medicine_475,Diabetes
M0476,Medicine_476,Analgesic
M0477,Medicine_477,Analgesic
M0478,Medicine_478,Cardiac
M0479,Medicine_479,Respiratory
M0480,Medicine_480,Analgesic
M0481,Medicine_481,Respiratory
M0482,Medicine_482,Respiratory
M0483,Medicine_483,Cardiac
M0484,Medicine_484,Diabetes
M0485,Medicine_485,Diabetes
M0486,Medicine_486,Analgesic
M0487,Medicine_487,Cardiac
M0488,Medicine_488,Antibiotic
M0489,Medicine_489,Cardiac
M0490,Medicine_490,Cardiac
M0491,Medicine_491,Antibiotic
M0492,Medicine_492,Respiratory
M0493,Medicine_493,Antibiotic
M0494,Medicine_494,Antibiotic
M0495,Medicine_495,Diabetes
M0496,Medicine_496,Diabetes
M0497,Medicine_497,Antibiotic
M0498,Medicine_498,Cardiac
M0499,Medicine_499,Diabetes
M0500,Medicine_500,Antibiotic
M0501,Medicine_501,Cardiac
M0502,Medicine_502,Analgesic
M0503,Medicine_503,Diabetes
M0504,Medicine_504,Analgesic
M0505,Medicine_505,Diabetes
M0506,Medicine_506,Cardiac
M0507,Medicine_507,Analgesic
M0508,Medicine_508,Cardiac
M0509,Medicine_509,Diabetes
M0510,Medicine_510,Diabetes
M0511,Medicine_511,Cardiac
M0512,Medicine_512,Cardiac
M0513,Medicine_513,Respiratory
M0514,Medicine_514,Analgesic
M0515,Medicine_515,Respiratory
M0516,Medicine_516,Respiratory
M0517,Medicine_517,Diabetes
M0518,Medicine_518,Diabetes
M0519,Medicine_519,Diabetes
M0520,Medicine_520,Cardiac
M0521,Medicine_521,Respiratory
M0522,Medicine_522,Respiratory
M0523,Medicine_523,Cardiac
M0524,Medicine_524,Antibiotic
M0525,Medicine_525,Cardiac
M0526,Medicine_526,Respiratory
M0527,Medicine_527,Diabetes
M0528,Medicine_528,Diabetes
M0529,Medicine_529,Respiratory
M0530,Medicine_530,Antibiotic
M0531,Medicine_531,Respiratory
M0532,Medicine_532,Antibiotic
M0533,Medicine_533,Respiratory
M0534,Medicine_534,Respiratory
M0535,Medicine_535,Diabetes
M0536,Medicine_536,Antibiotic
M0537,Medicine_537,Analgesic
M0538,Medicine_538,Antibiotic
M0539,Medicine_539,Respiratory
M0540,Medicine_540,Analgesic
M0541,Medicine_541,Diabetes
M0542,Medicine_542,Cardiac
M0543,Medicine_543,Respiratory
M0544,Medicine_544,Respiratory
M0545,Medicine_545,Antibiotic
M0546,Medicine_546,Respiratory
M0547,Medicine_547,Cardiac
M0548,Medicine_548,Analgesic
M0549,Medicine_549,Diabetes
M0550,Medicine_550,Diabetes
M0551,Medicine_551,Respiratory
M0552,Medicine_552,Respiratory
M0553,Medicine_553,Respiratory
M0554,Medicine_554,Cardiac
M0555,Medicine_555,Respiratory
M0556,Medicine_556,Diabetes
M0557,Medicine_557,Diabetes
M0558,Medicine_558,Antibiotic
M0559,Medicine_559,Cardiac
M0560,Medicine_560,Cardiac
M0561,Medicine_561,Respiratory
M0562,Medicine_562,Respiratory
M0563,Medicine_563,Antibiotic
M0564,Medicine_564,Cardiac
M0565,Medicine_565,Analgesic
M0566,Medicine_566,Respiratory
M0567,Medicine_567,Analgesic
M0568,Medicine_568,Respiratory
M0569,Medicine_569,Cardiac
M0570,Medicine_570,Respiratory
M0571,Medicine_571,Cardiac
M0572,Medicine_572,Cardiac
M0573,Medicine_573,Analgesic
M0574,Medicine_574,Respiratory
M0575,Medicine_575,Analgesic
M0576,Medicine_576,Cardiac
M0577,Medicine_577,Analgesic
M0578,Medicine_578,Antibiotic
M0579,Medicine_579,Analgesic
M0580,Medicine_580,Diabetes
M0581,Medicine_581,Antibiotic
M0582,Medicine_582,Diabetes
M0583,Medicine_583,Respiratory
M0584,Medicine_584,Antibiotic
M0585,Medicine_585,Antibiotic
M0586,Medicine_586,Analgesic
M0587,Medicine_587,Analgesic
M0588,Medicine_588,Respiratory
M0589,Medicine_589,Diabetes
M0590,Medicine_590,Diabetes
M0591,Medicine_591,Respiratory
M0592,Medicine_592,Cardiac
M0593,Medicine_593,Diabetes
M0594,Medicine_594,Diabetes
M0595,Medicine_595,Antibiotic
M0596,Medicine_596,Antibiotic
M0597,Medicine_597,Analgesic
M0598,Medicine_598,Cardiac
M0599,Medicine_599,Diabetes
M0600,Medicine_600,Analgesic
M0601,Medicine_601,Analgesic
M0602,Medicine_602,Respiratory
M0603,Medicine_603,Analgesic
M0604,Medicine_604,Antibiotic
M0605,Medicine_605,Diabetes
M0606,Medicine_606,Cardiac
M0607,Medicine_607,Antibiotic
M0608,Medicine_608,Diabetes
M0609,Medicine_609,Antibiotic
M0610,Medicine_610,Analgesic
M0611,Medicine_611,Analgesic
M0612,Medicine_612,Antibiotic
M0613,Medicine_613,Antibiotic
M0614,Medicine_614,Diabetes
M0615,Medicine_615,Diabetes
M0616,Medicine_616,Cardiac
M0617,Medicine_617,Cardiac
M0618,Medicine_618,Cardiac
M0619,Medicine_619,Diabetes
M0620,Medicine_620,Antibiotic
M0621,Medicine_621,Cardiac
M0622,Medicine_622,Analgesic
M0623,Medicine_623,Antibiotic
M0624,Medicine_624,Respiratory
M0625,Medicine_625,Cardiac
M0626,Medicine_626,Antibiotic
M0627,Medicine_627,Cardiac
M0628,Medicine_628,Respiratory
M0629,Medicine_629,Cardiac
M0630,Medicine_630,Antibiotic
M0631,Medicine_631,Antibiotic
M0632,Medicine_632,Antibiotic
M0633,Medicine_633,Cardiac
M0634,Medicine_634,Antibiotic
M0635,Medicine_635,Cardiac
M0636,Medicine_636,Antibiotic
M0637,Medicine_637,Antibiotic
M0638,Medicine_638,Respiratory
M0639,Medicine_639,Cardiac
M0640,Medicine_640,Cardiac
M0641,Medicine_641,Diabetes
M0642,Medicine_642,Cardiac
M0643,Medicine_643,Respiratory
M0644,Medicine_644,Cardiac
M0645,Medicine_645,Analgesic
M0646,Medicine_646,Cardiac
M0647,Medicine_647,Cardiac
M0648,Medicine_648,Analgesic
M0649,Medicine_649,Respiratory
M0650,Medicine_650,Respiratory
M0651,Medicine_651,Cardiac
M0652,Medicine_652,Antibiotic
M0653,Medicine_653,Cardiac
M0654,Medicine_654,Analgesic
M0655,Medicine_655,Analgesic
M0656,Medicine_656,Diabetes
M0657,Medicine_657,Respiratory
M0658,Medicine_658,Cardiac
M0659,Medicine_659,Cardiac
M0660,Medicine_660,Analgesic
M0661,Medicine_661,Antibiotic
M0662,Medicine_662,Antibiotic
M0663,Medicine_663,Cardiac
M0664,Medicine_664,Analgesic
M0665,Medicine_665,Cardiac
M0666,Medicine_666,Analgesic
M0667,Medicine_667,Cardiac
M0668,Medicine_668,Analgesic
M0669,Medicine_669,Antibiotic
M0670,Medicine_670,Cardiac
M0671,Medicine_671,Cardiac
M0672,Medicine_672,Diabetes
M0673,Medicine_673,Cardiac
M0674,Medicine_674,Antibiotic
M0675,Medicine_675,Respiratory
M0676,Medicine_676,Antibiotic
M0677,Medicine_677,Analgesic
M0678,Medicine_678,Respiratory
M0679,Medicine_679,Diabetes
M0680,Medicine_680,Analgesic
M0681,Medicine_681,Diabetes
M0682,Medicine_682,Respiratory
M0683,Medicine_683,Antibiotic
M0684,Medicine_684,Antibiotic
M0685,Medicine_685,Antibiotic
M0686,Medicine_686,Antibiotic
M0687,Medicine_687,Analgesic
M0688,Medicine_688,Analgesic
M0689,Medicine_689,Antibiotic
M0690,Medicine_690,Analgesic
M0691,Medicine_691,Cardiac
M0692,Medicine_692,Diabetes
M0693,Medicine_693,Respiratory
M0694,Medicine_694,Respiratory
M0695,Medicine_695,Antibiotic
M0696,Medicine_696,Respiratory
M0697,Medicine_697,Analgesic
M0698,Medicine_698,Analgesic
M0699,Medicine_699,Respiratory
M0700,Medicine_700,Analgesic
M0701,Medicine_701,Analgesic
M0702,Medicine_702,Cardiac
M0703,Medicine_703,Antibiotic
M0704,Medicine_704,Diabetes
M0705,Medicine_705,Diabetes
M0706,Medicine_706,Analgesic
M0707,Medicine_707,Antibiotic
M0708,Medicine_708,Antibiotic
M0709,Medicine_709,Cardiac
M0710,Medicine_710,Analgesic
M0711,Medicine_711,Diabetes
M0712,Medicine_712,Diabetes
M0713,Medicine_713,Antibiotic
M0714,Medicine_714,Respiratory
M0715,Medicine_715,Analgesic
M0716,Medicine_716,Analgesic
M0717,Medicine_717,Cardiac
M0718,Medicine_718,Diabetes
M0719,Medicine_719,Respiratory
M0720,Medicine_720,Analgesic
M0721,Medicine_721,Diabetes
M0722,Medicine_722,Analgesic
M0723,Medicine_723,Respiratory
M0724,Medicine_724,Analgesic
M0725,Medicine_725,Antibiotic
M0726,Medicine_726,Analgesic
M0727,Medicine_727,Respiratory
M0728,Medicine_728,Diabetes
M0729,Medicine_729,Antibiotic
M0730,Medicine_730,Antibiotic
M0731,Medicine_731,Analgesic
M0732,Medicine_732,Diabetes
M0733,Medicine_733,Antibiotic
M0734,Medicine_734,Analgesic
M0735,Medicine_735,Antibiotic
M0736,Medicine_736,Antibiotic
M0737,Medicine_737,Antibiotic
M0738,Medicine_738,Diabetes
M0739,Medicine_739,Respiratory
M0740,Medicine_740,Antibiotic
M0741,Medicine_741,Cardiac
M0742,Medicine_742,Respiratory
M0743,Medicine_743,Respiratory
M0744,Medicine_744,Respiratory
M0745,Medicine_745,Analgesic
M0746,Medicine_746,Diabetes
M0747,Medicine_747,Antibiotic
M0748,Medicine_748,Respiratory
M0749,Medicine_749,Cardiac
M0750,Medicine_750,Analgesic
M0751,Medicine_751,Cardiac
M0752,Medicine_752,Diabetes
M0753,Medicine_753,Diabetes
M0754,Medicine_754,Antibiotic
M0755,Medicine_755,Respiratory
M0756,Medicine_756,Diabetes
M0757,Medicine_757,Respiratory
M0758,Medicine_758,Diabetes
M0759,Medicine_759,Analgesic
M0760,Medicine_760,Analgesic
M0761,Medicine_761,Analgesic
M0762,Medicine_762,Analgesic
M0763,Medicine_763,Analgesic
M0764,Medicine_764,Diabetes
M0765,Medicine_765,Cardiac
M0766,Medicine_766,Analgesic
M0767,Medicine_767,Respiratory
M0768,Medicine_768,Diabetes
M0769,Medicine_769,Analgesic
M0770,Medicine_770,Respiratory
M0771,Medicine_771,Diabetes
M0772,Medicine_772,Respiratory
M0773,Medicine_773,Respiratory
M0774,Medicine_774,Respiratory
M0775,Medicine_775,Respiratory
M0776,Medicine_776,Respiratory
M0777,Medicine_777,Analgesic
M0778,Medicine_778,Diabetes
M0779,Medicine_779,Analgesic
M0780,Medicine_780,Diabetes
M0781,Medicine_781,Antibiotic
M0782,Medicine_782,Antibiotic
M0783,Medicine_783,Diabetes
M0784,Medicine_784,Diabetes
M0785,Medicine_785,Diabetes
M0786,Medicine_786,Antibiotic
M0787,Medicine_787,Analgesic
M0788,Medicine_788,Analgesic
M0789,Medicine_789,Analgesic
M0790,Medicine_790,Respiratory
M0791,Medicine_791,Antibiotic
M0792,Medicine_792,Analgesic
M0793,Medicine_793,Cardiac
M0794,Medicine_794,Cardiac
M0795,Medicine_795,Cardiac
M0796,Medicine_796,Antibiotic
M0797,Medicine_797,Diabetes
M0798,Medicine_798,Analgesic
M0799,Medicine_799,Analgesic
M0800,Medicine_800,Cardiac
M0801,Medicine_801,Diabetes
M0802,Medicine_802,Diabetes
M0803,Medicine_803,Cardiac
M0804,Medicine_804,Respiratory
M0805,Medicine_805,Respiratory
M0806,Medicine_806,Antibiotic
M0807,Medicine_807,Respiratory
M0808,Medicine_808,Cardiac
M0809,Medicine_809,Respiratory
M0810,Medicine_810,Analgesic
M0811,Medicine_811,Antibiotic
M0812,Medicine_812,Analgesic
M0813,Medicine_813,Antibiotic
M0814,Medicine_814,Diabetes
M0815,Medicine_815,Respiratory
M0816,Medicine_816,Respiratory
M0817,Medicine_817,Analgesic
M0818,Medicine_818,Cardiac
M0819,Medicine_819,Cardiac
M0820,Medicine_820,Cardiac
M0821,Medicine_821,Diabetes
M0822,Medicine_822,Antibiotic
M0823,Medicine_823,Antibiotic
M0824,Medicine_824,Respiratory
M0825,Medicine_825,Respiratory
M0826,Medicine_826,Respiratory
M0827,Medicine_827,Cardiac
M0828,Medicine_828,Cardiac
M0829,Medicine_829,Diabetes
M0830,Medicine_830,Antibiotic
M0831,Medicine_831,Antibiotic
M0832,Medicine_832,Antibiotic
M0833,Medicine_833,Diabetes
M0834,Medicine_834,Analgesic
M0835,Medicine_835,Antibiotic
M0836,Medicine_836,Respiratory
M0837,Medicine_837,Diabetes
M0838,Medicine_838,Antibiotic
M0839,Medicine_839,Diabetes
M0840,Medicine_840,Diabetes
M0841,Medicine_841,Antibiotic
M0842,Medicine_842,Analgesic
M0843,Medicine_843,Diabetes
M0844,Medicine_844,Respiratory
M0845,Medicine_845,Diabetes
M0846,Medicine_846,Diabetes
M0847,Medicine_847,Diabetes
M0848,Medicine_848,Antibiotic
M0849,Medicine_849,Respiratory
M0850,Medicine_850,Cardiac
M0851,Medicine_851,Diabetes
M0852,Medicine_852,Respiratory
M0853,Medicine_853,Antibiotic
M0854,Medicine_854,Respiratory
M0855,Medicine_855,Analgesic
M0856,Medicine_856,Antibiotic
M0857,Medicine_857,Diabetes
M0858,Medicine_858,Cardiac
M0859,Medicine_859,Diabetes
M0860,Medicine_860,Antibiotic
M0861,Medicine_861,Respiratory
M0862,Medicine_862,Diabetes
M0863,Medicine_863,Cardiac
M0864,Medicine_864,Respiratory
M0865,Medicine_865,Cardiac
M0866,Medicine_866,Analgesic
M0867,Medicine_867,Analgesic
M0868,Medicine_868,Diabetes
M0869,Medicine_869,Cardiac
M0870,Medicine_870,Analgesic
M0871,Medicine_871,Analgesic
M0872,Medicine_872,Analgesic
M0873,Medicine_873,Antibiotic
M0874,Medicine_874,Diabetes
M0875,Medicine_875,Analgesic
M0876,Medicine_876,Analgesic
M0877,Medicine_877,Antibiotic
M0878,Medicine_878,Diabetes
M0879,Medicine_879,Antibiotic
M0880,Medicine_880,Analgesic
M0881,Medicine_881,Analgesic
M0882,Medicine_882,Cardiac
M0883,Medicine_883,Antibiotic
M0884,Medicine_884,Respiratory
M0885,Medicine_885,Respiratory
M0886,Medicine_886,Analgesic
M0887,Medicine_887,Antibiotic
M0888,Medicine_888,Respiratory
M0889,Medicine_889,Antibiotic
M0890,Medicine_890,Respiratory
M0891,Medicine_891,Antibiotic
M0892,Medicine_892,Analgesic
M0893,Medicine_893,Diabetes
M0894,Medicine_894,Antibiotic
M0895,Medicine_895,Diabetes
M0896,Medicine_896,Diabetes
M0897,Medicine_897,Respiratory
M0898,Medicine_898,Diabetes
M0899,Medicine_899,Antibiotic
M0900,Medicine_900,Analgesic
M0901,Medicine_901,Respiratory
M0902,Medicine_902,Cardiac
M0903,Medicine_903,Analgesic
M0904,Medicine_904,Respiratory
M0905,Medicine_905,Respiratory
M0906,Medicine_906,Respiratory
M0907,Medicine_907,Diabetes
M0908,Medicine_908,Analgesic
M0909,Medicine_909,Analgesic
M0910,Medicine_910,Cardiac
M0911,Medicine_911,Diabetes
M0912,Medicine_912,Cardiac
M0913,Medicine_913,Cardiac
M0914,Medicine_914,Analgesic
M0915,Medicine_915,Antibiotic
M0916,Medicine_916,Diabetes
M0917,Medicine_917,Cardiac
M0918,Medicine_918,Diabetes
M0919,Medicine_919,Antibiotic
M0920,Medicine_920,Diabetes
M0921,Medicine_921,Diabetes
M0922,Medicine_922,Respiratory
M0923,Medicine_923,Cardiac
M0924,Medicine_924,Respiratory
M0925,Medicine_925,Diabetes
M0926,Medicine_926,Antibiotic
M0927,Medicine_927,Analgesic
M0928,Medicine_928,Antibiotic
M0929,Medicine_929,Respiratory
M0930,Medicine_930,Diabetes
M0931,Medicine_931,Antibiotic
M0932,Medicine_932,Antibiotic
M0933,Medicine_933,Antibiotic
M0934,Medicine_934,Cardiac
M0935,Medicine_935,Analgesic
M0936,Medicine_936,Cardiac
M0937,Medicine_937,Respiratory
M0938,Medicine_938,Diabetes
M0939,Medicine_939,Cardiac
M0940,Medicine_940,Antibiotic
M0941,Medicine_941,Analgesic
M0942,Medicine_942,Diabetes
M0943,Medicine_943,Respiratory
M0944,Medicine_944,Antibiotic
M0945,Medicine_945,Antibiotic
M0946,Medicine_946,Respiratory
M0947,Medicine_947,Cardiac
M0948,Medicine_948,Diabetes
M0949,Medicine_949,Diabetes
M0950,Medicine_950,Respiratory
M0951,Medicine_951,Analgesic
M0952,Medicine_952,Antibiotic
M0953,Medicine_953,Diabetes
M0954,Medicine_954,Cardiac
M0955,Medicine_955,Analgesic
M0956,Medicine_956,Cardiac
M0957,Medicine_957,Cardiac
M0958,Medicine_958,Cardiac
M0959,Medicine_959,Cardiac
M0960,Medicine_960,Cardiac
M0961,Medicine_961,Antibiotic
M0962,Medicine_962,Analgesic
M0963,Medicine_963,Cardiac
M0964,Medicine_964,Respiratory
M0965,Medicine_965,Analgesic
M0966,Medicine_966,Respiratory
M0967,Medicine_967,Cardiac
M0968,Medicine_968,Diabetes
M0969,Medicine_969,Analgesic
M0970,Medicine_970,Antibiotic
M0971,Medicine_971,Antibiotic
M0972,Medicine_972,Cardiac
M0973,Medicine_973,Cardiac
M0974,Medicine_974,Respiratory
M0975,Medicine_975,Analgesic
M0976,Medicine_976,Antibiotic
M0977,Medicine_977,Analgesic
M0978,Medicine_978,Analgesic
M0979,Medicine_979,Analgesic
M0980,Medicine_980,Cardiac
M0981,Medicine_981,Respiratory
M0982,Medicine_982,Respiratory
M0983,Medicine_983,Cardiac
M0984,Medicine_984,Diabetes
M0985,Medicine_985,Respiratory
M0986,Medicine_986,Cardiac
M0987,Medicine_987,Respiratory
M0988,Medicine_988,Antibiotic
M0989,Medicine_989,Cardiac
M0990,Medicine_990,Respiratory
M0991,Medicine_991,Cardiac
M0992,Medicine_992,Analgesic
M0993,Medicine_993,Analgesic
M0994,Medicine_994,Respiratory
M0995,Medicine_995,Respiratory
M0996,Medicine_996,Diabetes
M0997,Medicine_997,Respiratory
M0998,Medicine_998,Antibiotic
M0999,Medicine_999,Diabetes
M1000,Medicine_1000,Analgesic
